"DateTime","Inverter power for Inverter 1 (7E144A6A)"
"2026-03-20 00:00:00",0
"2026-03-20 01:00:00",0
"2026-03-20 02:00:00",0
"2026-03-20 03:00:00",0
"2026-03-20 04:00:00",0
"2026-03-20 05:00:00",0
"2026-03-20 06:00:00",0
"2026-03-20 07:00:00",0
"2026-03-20 08:00:00",0
"2026-03-20 09:00:00",0
"2026-03-20 10:00:00",0
"2026-03-20 11:00:00",0
"2026-03-20 12:00:00",0
"2026-03-20 13:00:00",0
"2026-03-20 14:00:00",0
"2026-03-20 15:00:00",0
"2026-03-20 16:00:00",0
"2026-03-20 17:00:00",0
"2026-03-20 18:00:00",0
"2026-03-20 19:00:00",0
"2026-03-20 20:00:00",0
"2026-03-20 21:00:00",0
"2026-03-20 22:00:00",0
"2026-03-20 23:00:00",0
"2026-03-21 00:00:00",0
"2026-03-21 01:00:00",0
"2026-03-21 02:00:00",0
"2026-03-21 03:00:00",0
"2026-03-21 04:00:00",0
"2026-03-21 05:00:00",0
"2026-03-21 06:00:00",0
"2026-03-21 07:00:00",0
"2026-03-21 08:00:00",0
"2026-03-21 09:00:00",3223
"2026-03-21 10:00:00",5337
"2026-03-21 11:00:00",4704
"2026-03-21 12:00:00",7297
"2026-03-21 13:00:00",7815
"2026-03-21 14:00:00",5952
"2026-03-21 15:00:00",1991
"2026-03-21 16:00:00",1355
"2026-03-21 17:00:00",482
"2026-03-21 18:00:00",82
"2026-03-21 19:00:00",0
"2026-03-21 20:00:00",0
"2026-03-21 21:00:00",0
"2026-03-21 22:00:00",0
"2026-03-21 23:00:00",0
"2026-03-22 00:00:00",0
"2026-03-22 01:00:00",0
"2026-03-22 02:00:00",0
"2026-03-22 03:00:00",0
"2026-03-22 04:00:00",0
"2026-03-22 05:00:00",0
"2026-03-22 06:00:00",0
"2026-03-22 07:00:00",0
"2026-03-22 08:00:00",0
"2026-03-22 09:00:00",0
"2026-03-22 10:00:00",1199
"2026-03-22 11:00:00",10097
"2026-03-22 12:00:00",8310
"2026-03-22 13:00:00",6728
"2026-03-22 14:00:00",4696
"2026-03-22 15:00:00",3129
"2026-03-22 16:00:00",2092
"2026-03-22 17:00:00",2320
"2026-03-22 18:00:00",396
"2026-03-22 19:00:00",0
"2026-03-22 20:00:00",0
"2026-03-22 21:00:00",0
"2026-03-22 22:00:00",0
"2026-03-22 23:00:00",0
"2026-03-23 00:00:00",0
"2026-03-23 01:00:00",0
"2026-03-23 02:00:00",0
"2026-03-23 03:00:00",0
"2026-03-23 04:00:00",0
"2026-03-23 05:00:00",0
"2026-03-23 06:00:00",0
"2026-03-23 07:00:00",137
"2026-03-23 08:00:00",2782
"2026-03-23 09:00:00",3911
"2026-03-23 10:00:00",5464
"2026-03-23 11:00:00",5800
"2026-03-23 12:00:00",4484
"2026-03-23 13:00:00",4339
"2026-03-23 14:00:00",4812
"2026-03-23 15:00:00",6083
"2026-03-23 16:00:00",2129
"2026-03-23 17:00:00",890
"2026-03-23 18:00:00",74
"2026-03-23 19:00:00",0
"2026-03-23 20:00:00",0
"2026-03-23 21:00:00",0
"2026-03-23 22:00:00",0
"2026-03-23 23:00:00",0
"2026-03-24 00:00:00",0
"2026-03-24 01:00:00",0
"2026-03-24 02:00:00",0
"2026-03-24 03:00:00",0
"2026-03-24 04:00:00",0
"2026-03-24 05:00:00",0
"2026-03-24 06:00:00",84
"2026-03-24 07:00:00",1665
"2026-03-24 08:00:00",5218
"2026-03-24 09:00:00",9027
"2026-03-24 10:00:00",11551
"2026-03-24 11:00:00",13149
"2026-03-24 12:00:00",13657
"2026-03-24 13:00:00",13326
"2026-03-24 14:00:00",12044
"2026-03-24 15:00:00",9690
"2026-03-24 16:00:00",6036
"2026-03-24 17:00:00",1895
"2026-03-24 18:00:00",182
"2026-03-24 19:00:00",0
"2026-03-24 20:00:00",0
"2026-03-24 21:00:00",0
"2026-03-24 22:00:00",0
"2026-03-24 23:00:00",0
"2026-03-25 00:00:00",0
"2026-03-25 01:00:00",0
"2026-03-25 02:00:00",0
"2026-03-25 03:00:00",0
"2026-03-25 04:00:00",0
"2026-03-25 05:00:00",0
"2026-03-25 06:00:00",139
"2026-03-25 07:00:00",1893
"2026-03-25 08:00:00",5975
"2026-03-25 09:00:00",9215
"2026-03-25 10:00:00",11529
"2026-03-25 11:00:00",13044
"2026-03-25 12:00:00",13602
"2026-03-25 13:00:00",13216
"2026-03-25 14:00:00",11899
"2026-03-25 15:00:00",9661
"2026-03-25 16:00:00",6022
"2026-03-25 17:00:00",2099
"2026-03-25 18:00:00",232
"2026-03-25 19:00:00",0
"2026-03-25 20:00:00",0
"2026-03-25 21:00:00",0
"2026-03-25 22:00:00",0
"2026-03-25 23:00:00",0
"2026-03-26 00:00:00",0
"2026-03-26 01:00:00",0
"2026-03-26 02:00:00",0
"2026-03-26 03:00:00",0
"2026-03-26 04:00:00",0
"2026-03-26 05:00:00",0
"2026-03-26 06:00:00",161
"2026-03-26 07:00:00",1758
"2026-03-26 08:00:00",5483
"2026-03-26 09:00:00",9036
"2026-03-26 10:00:00",11485
"2026-03-26 11:00:00",12990
"2026-03-26 12:00:00",13887
"2026-03-26 13:00:00",13792
"2026-03-26 14:00:00",10858
"2026-03-26 15:00:00",10288
"2026-03-26 16:00:00",6215
"2026-03-26 17:00:00",2701
"2026-03-26 18:00:00",294
"2026-03-26 19:00:00",0
"2026-03-26 20:00:00",0
"2026-03-26 21:00:00",0
"2026-03-26 22:00:00",0
"2026-03-26 23:00:00",0